EventId,Timestamp,Message,Sid
0,2024-12-05 17:03:20,Malicious File Detected,10009
1,2024-12-05 17:10:28,Detected UDP Traffic to Port 443,10007
2,2024-12-05 17:15:38,Potential ICMP Flood Attack,10002
3,2024-12-05 17:34:42,HTTP Directory Traversal Attempt Detected,10001
4,2024-12-05 17:34:50,Potential TCP SYN Flood Attack,10003
5,2024-12-05 17:45:40,Traffic from Particular IP,100086,2024-12-05 17:48:10,ICMP Request message Detected,10004
6,2024-12-05 17:48:10,ICMP Request message Detected,10004
7,2024-12-05 17:54:00,SQL Injection Union-Based Detected,10010
8,2024-12-05 17:54:57,XSS Attack Detected,10011
9,2024-12-05 18:32:42,SSH Bruteforce IP 127.0.0.1 Blocked,NULL
10,2024-12-05 18:51:22,FTP Bruteforce IP 127.0.0.1 Blocked,NULL
